media_id,titel,origineel,oud_bytes,nieuw_bytes,bestand,status
12510,Is ons pensioen nog veilig,https://de-ware-wereld.com/wp-content/uploads/2026/09/1790419216432275880161623328550.jpg,149058,,,overgeslagen (al klein genoeg)
9935,mars1199319159838512818.jpg,https://de-ware-wereld.com/wp-content/uploads/2016/12/mars1199319159838512818.jpg,14576,,,overgeslagen (al klein genoeg)
12316,vlinders Hoofdstuk 6,https://de-ware-wereld.com/wp-content/uploads/2026/09/17889791833585440838195971589824.png,1701946,192125,12316-17889791833585440838195971589824.jpg,verkleind q78 1024x1024
12224,artikel 4,https://de-ware-wereld.com/wp-content/uploads/2026/09/artikel-4.jpeg,468090,183295,12224-artikel-4.jpg,verkleind q70 1200x1200
12249,DNA,https://de-ware-wereld.com/wp-content/uploads/2026/09/DNA.jpeg,1076736,185861,12249-dna.jpg,verkleind q54 1024x1024
9937,the-anunnaki-manipulation-of-man1585202271069447390.jpg,https://de-ware-wereld.com/wp-content/uploads/2016/12/the-anunnaki-manipulation-of-man1585202271069447390.jpg,129522,,,overgeslagen (al klein genoeg)
12321,vlinders Hoofdstuk 7,https://de-ware-wereld.com/wp-content/uploads/2026/09/17889792190269179099334905636780.png,1766517,193047,12321-17889792190269179099334905636780.jpg,verkleind q74 1024x1024
12225,Artikel 5,https://de-ware-wereld.com/wp-content/uploads/2026/09/Artikel-5.jpeg,452302,182395,12225-artikel-5.jpg,verkleind q70 1138x1138
12250,Het alomvattend veld,https://de-ware-wereld.com/wp-content/uploads/2026/09/Het-alomvattend-veld.jpeg,1066684,187237,12250-het-alomvattend-veld.jpg,verkleind q58 1024x1024
12453,doggersland deel 1,https://de-ware-wereld.com/wp-content/uploads/2026/09/doggersland-deel-1.jpeg,881997,182196,12453-doggersland-deel-1.jpg,verkleind q78 928x1152
12043,flammarionwoodcut7692188121203357647,https://de-ware-wereld.com/wp-content/uploads/2026/08/flammarionwoodcut7692188121203357647.jpg,1107661,287018,12043-flammarionwoodcut7692188121203357647.jpg,verkleind q50 1200x1090
9939,bc975b3603963960bec86e41418a43463349017079135906216.jpg,https://de-ware-wereld.com/wp-content/uploads/2016/12/bc975b3603963960bec86e41418a43463349017079135906216.jpg,90612,,,overgeslagen (al klein genoeg)
12631,vlinders hfst 8,https://de-ware-wereld.com/wp-content/uploads/2026/10/vlinders-hfst-8.jpeg,818013,183639,12631-vlinders-hfst-8.jpg,verkleind q70 1024x1024
12636,Zwarte paus,https://de-ware-wereld.com/wp-content/uploads/2026/10/1791313370062.jpg,150844,,,overgeslagen (al klein genoeg)
12226,artikel 6,https://de-ware-wereld.com/wp-content/uploads/2026/09/artikel-6.jpeg,522317,192787,12226-artikel-6.jpg,verkleind q66 1200x1200
12252,Holografie,https://de-ware-wereld.com/wp-content/uploads/2026/09/Holografie.jpeg,1101283,187459,12252-holografie.jpg,verkleind q54 1024x1024
9941,1514832978-01447109483322519666519.jpg,https://de-ware-wereld.com/wp-content/uploads/2016/12/1514832978-01447109483322519666519.jpg,33135,,,overgeslagen (al klein genoeg)
12314,vlinders Hoofdstuk 9,https://de-ware-wereld.com/wp-content/uploads/2026/09/17889792794393606886492993746281.png,1677578,190658,12314-17889792794393606886492993746281.jpg,verkleind q78 1024x1024
12227,artikel 7,https://de-ware-wereld.com/wp-content/uploads/2026/09/artikel-7.jpeg,450267,182487,12227-artikel-7.jpg,verkleind q74 1200x1200
12449,Brittenburg,https://de-ware-wereld.com/wp-content/uploads/2026/09/Brittenburg.jpeg,943115,185084,12449-brittenburg.jpg,verkleind q74 928x1152
12247,beleving door ons zelf,https://de-ware-wereld.com/wp-content/uploads/2026/09/beleving-door-ons-zelf.jpeg,1111843,190264,12247-beleving-door-ons-zelf.jpg,verkleind q54 1024x1024
9910,,,,,,fout: HTTP Error 401: Unauthorized
12315,vlinders Hoofdstuk 10,https://de-ware-wereld.com/wp-content/uploads/2026/09/17889793091531506324810753857578.png,1541481,177868,12315-17889793091531506324810753857578.jpg,verkleind q82 1024x1024
12228,artikel 8,https://de-ware-wereld.com/wp-content/uploads/2026/09/artikel-8.jpeg,568237,192807,12228-artikel-8.jpg,verkleind q66 1200x1200
12639,Waarom slaat de aarde niet om,https://de-ware-wereld.com/wp-content/uploads/2026/10/1791314458380.jpg,118737,,,overgeslagen (al klein genoeg)
12248,bewustzijn,https://de-ware-wereld.com/wp-content/uploads/2026/09/bewustzijn.jpeg,1103307,187307,12248-bewustzijn.jpg,verkleind q54 1024x1024
9908,Anu-Enlil-Enki-Draw-Lots (1).jpg,https://de-ware-wereld.com/wp-content/uploads/2020/10/anu-enlil-enki-draw-lots-1.jpg,37907,,,overgeslagen (al klein genoeg)
12317,vlinders Hoofdstuk 11,https://de-ware-wereld.com/wp-content/uploads/2026/09/17889793437162713128355672131973.png,1647176,183407,12317-17889793437162713128355672131973.jpg,verkleind q78 1024x1024
12459,Reimerswaal,https://de-ware-wereld.com/wp-content/uploads/2026/09/Reimerswaal.jpeg,941122,177781,12459-reimerswaal.jpg,verkleind q74 928x1152
12229,artikel 9,https://de-ware-wereld.com/wp-content/uploads/2026/09/artikel-9.jpeg,470109,194195,12229-artikel-9.jpg,verkleind q70 1183x1183
12246,aanwijzingen in ons bestaan,https://de-ware-wereld.com/wp-content/uploads/2026/09/aanwijzingen-in-ons-bestaan.jpeg,754075,177502,12246-aanwijzingen-in-ons-bestaan.jpg,verkleind q78 1024x1024
12565,Wie is Tom Campell,https://de-ware-wereld.com/wp-content/uploads/2026/09/1790617915109343290034294891546.jpg,192610,,,overgeslagen (al klein genoeg)
9906,AnuAlaluWrestle.jpg,https://de-ware-wereld.com/wp-content/uploads/2020/10/anualaluwrestle.jpg,41622,,,overgeslagen (al klein genoeg)
12633,Drie stukjes grond,https://de-ware-wereld.com/wp-content/uploads/2026/10/1791311532707.jpg,146123,,,overgeslagen (al klein genoeg)
12312,vlinders Hoofdstuk 12,https://de-ware-wereld.com/wp-content/uploads/2026/09/17889793706917466046001793270797.png,1550251,179969,12312-17889793706917466046001793270797.jpg,verkleind q82 1024x1024
12230,artikel 10,https://de-ware-wereld.com/wp-content/uploads/2026/09/artikel-10.jpeg,643072,185776,12230-artikel-10.jpg,verkleind q58 1200x1200
12253,In de praktijk,https://de-ware-wereld.com/wp-content/uploads/2026/09/In-de-praktijk.jpeg,839080,190082,12253-in-de-praktijk.jpg,verkleind q74 1200x877
12038,кольская_сверхглубокая_скважина_crop5289880771988094922.,https://de-ware-wereld.com/wp-content/uploads/2026/08/d0bad0bed0bbd18cd181d0bad0b0d18f_d181d0b2d0b5d180d185d0b3d0bbd183d0b1d0bed0bad0b0d18f_d181d0bad0b2d0b0d0b6d0b8d0bdd0b0_crop5289880771988094922.jpg,85629,,,overgeslagen (al klein genoeg)
12460,Saeftinghe,https://de-ware-wereld.com/wp-content/uploads/2026/09/Saeftinghe.jpeg,965131,176256,12460-saeftinghe.jpg,verkleind q74 928x1152
9904,,,,,,fout: HTTP Error 401: Unauthorized
12304,vlinders Hoofdstuk 13,https://de-ware-wereld.com/wp-content/uploads/2026/09/17889794019456071173112039572253.png,1660131,180948,12304-17889794019456071173112039572253.jpg,verkleind q78 1024x1024
12231,artikel 11,https://de-ware-wereld.com/wp-content/uploads/2026/09/artikel-11-1.jpeg,472038,187425,12231-artikel-11-2.jpg,verkleind q66 1118x1118
12566,Eerst bewustzijn dan materie,https://de-ware-wereld.com/wp-content/uploads/2026/09/17906186521816387002452690463.jpg,150552,,,overgeslagen (al klein genoeg)
8490,,,,,,fout: HTTP Error 401: Unauthorized
12537,Wonen,https://de-ware-wereld.com/wp-content/uploads/2026/09/17904406029546265382237927530955.jpg,200169,,,overgeslagen (al klein genoeg)
9899,,,,,,fout: HTTP Error 401: Unauthorized
12313,vlinders Hoofdstuk 14,https://de-ware-wereld.com/wp-content/uploads/2026/09/17889794280782633183184727962836.png,1636678,178736,12313-17889794280782633183184727962836.jpg,verkleind q78 1024x1024
12232,artikel 12,https://de-ware-wereld.com/wp-content/uploads/2026/09/artikel-12-1.jpeg,504344,185960,12232-artikel-12-2.jpg,verkleind q70 1200x1200
12452,De Sint-Elisabethsvloed,https://de-ware-wereld.com/wp-content/uploads/2026/09/De-Sint-Elisabethsvloed.jpeg,856935,189681,12452-de-sint-elisabethsvloed.jpg,verkleind q82 928x1152
9897,,,,,,fout: HTTP Error 401: Unauthorized
12306,vlinders Hoofdstuk 15,https://de-ware-wereld.com/wp-content/uploads/2026/09/17889794543373051535606654729040.png,1631461,175391,12306-17889794543373051535606654729040.jpg,verkleind q78 1024x1024
9895,,,,,,fout: HTTP Error 401: Unauthorized
12305,vlinders Hoofdstuk 16,https://de-ware-wereld.com/wp-content/uploads/2026/09/17890618923482569110772870292357.png,1872404,179050,12305-17890618923482569110772870292357.jpg,verkleind q82 1200x655
12568,Het leven als computerspel,https://de-ware-wereld.com/wp-content/uploads/2026/09/17906187596171140925644303926733.jpg,148353,,,overgeslagen (al klein genoeg)
9893,,,,,,fout: HTTP Error 401: Unauthorized
12535,Asiel en vluchtelingen,https://de-ware-wereld.com/wp-content/uploads/2026/09/17904406390304627326806536251187.jpg,206953,188753,12535-17904406390304627326806536251187.jpg,verkleind q74 928x1152
12307,vlinders Hoofdstuk 17,https://de-ware-wereld.com/wp-content/uploads/2026/09/17890619427676607226304131821769.png,1672140,179697,12307-17890619427676607226304131821769.jpg,verkleind q78 1024x1024
9891,,,,,,fout: HTTP Error 401: Unauthorized
12456,Hunebedden,https://de-ware-wereld.com/wp-content/uploads/2026/09/Hunebedden.jpeg,955254,191532,12456-hunebedden.jpg,verkleind q78 928x1152
9889,,,,,,fout: HTTP Error 401: Unauthorized
12311,vlinders Hoofdstuk 19,https://de-ware-wereld.com/wp-content/uploads/2026/09/17890620016004066344292586452191.png,1581374,179204,12311-17890620016004066344292586452191.jpg,verkleind q82 1024x1024
12039,uscg_international_ice_patrol_c-1303672758389613217646,https://de-ware-wereld.com/wp-content/uploads/2026/08/uscg_international_ice_patrol_c-1303672758389613217646.jpg,274482,117397,12039-file-written-by-adobe-photoshop-5-0.jpg,verkleind q82 1200x812
9887,,,,,,fout: HTTP Error 401: Unauthorized
12567,Waarom de wereld pixels heeft,https://de-ware-wereld.com/wp-content/uploads/2026/09/17906188248562683419927312249339.jpg,149462,,,overgeslagen (al klein genoeg)
12333,vlinders Hoofdstuk 20,https://de-ware-wereld.com/wp-content/uploads/2026/09/17890620355725517244749306660714.png,1537551,170291,12333-17890620355725517244749306660714.jpg,verkleind q82 1024x1024
12539,Eigen risico,https://de-ware-wereld.com/wp-content/uploads/2026/09/17904406717228278492631069952377.jpg,207882,190024,12539-17904406717228278492631069952377.jpg,verkleind q74 928x1152
9883,,,,,,fout: HTTP Error 401: Unauthorized
12301,vlinders Hoofdstuk 21,https://de-ware-wereld.com/wp-content/uploads/2026/09/17890620692388271062850639711014.png,1706491,187648,12301-17890620692388271062850639711014.jpg,verkleind q78 1024x1024
9885,,,,,,fout: HTTP Error 401: Unauthorized
12462,Terpen,https://de-ware-wereld.com/wp-content/uploads/2026/09/Terpen.jpeg,1003187,180001,12462-terpen.jpg,verkleind q70 928x1152
12309,vlinders Hoofdstuk 22,https://de-ware-wereld.com/wp-content/uploads/2026/09/17890620991966736953262838666593.png,1713920,187880,12309-17890620991966736953262838666593.jpg,verkleind q78 1024x1024
9944,,,,,,fout: HTTP Error 401: Unauthorized
12308,vlinders Hoofdstuk 18,https://de-ware-wereld.com/wp-content/uploads/2026/09/17890619738706890117798236140321.png,1696996,182807,12308-17890619738706890117798236140321.jpg,verkleind q78 1024x1024
12569,Waarom zijn we hier,https://de-ware-wereld.com/wp-content/uploads/2026/09/17906189014774700682133708542333.jpg,140602,,,overgeslagen (al klein genoeg)
12103,post_3512,https://de-ware-wereld.com/wp-content/uploads/2026/08/post_3512.jpg,12827,,,overgeslagen (al klein genoeg)
12536,BTW boodschappen,https://de-ware-wereld.com/wp-content/uploads/2026/09/17904407007432359312257223301811.jpg,208386,190560,12536-17904407007432359312257223301811.jpg,verkleind q74 928x1152
12104,post_3519,https://de-ware-wereld.com/wp-content/uploads/2026/08/post_3519.jpg,14114,,,overgeslagen (al klein genoeg)
12461,Stervormige vestingsteden,https://de-ware-wereld.com/wp-content/uploads/2026/09/Stervormige-vestingsteden.jpeg,834584,175147,12461-stervormige-vestingsteden.jpg,verkleind q82 928x1152
12341,vlinders Hoofdstuk 25,https://de-ware-wereld.com/wp-content/uploads/2026/09/grok_17890630499159207542853982920307.jpg,276131,162520,12341-grok_17890630499159207542853982920307.jpg,verkleind q58 784x1168
12342,vlinders Hoofdstuk 26,https://de-ware-wereld.com/wp-content/uploads/2026/09/grok_17890630595575147538677206576549.jpg,259223,154145,12342-grok_17890630595575147538677206576549.jpg,verkleind q58 784x1168
12570,Campell en ik,https://de-ware-wereld.com/wp-content/uploads/2026/09/179061895746959556705933655893.jpg,143204,,,overgeslagen (al klein genoeg)
12113,post_3739,https://de-ware-wereld.com/wp-content/uploads/2026/08/post_3739.jpg,12440,,,overgeslagen (al klein genoeg)
12538,Aow leeftijd,https://de-ware-wereld.com/wp-content/uploads/2026/09/17904407265855947259129159900033.jpg,214415,183779,12538-17904407265855947259129159900033.jpg,verkleind q70 928x1152
12344,vlinders Hoofdstuk 28,https://de-ware-wereld.com/wp-content/uploads/2026/09/grok_1789063081901385969280640113682.jpg,277347,161832,12344-grok_1789063081901385969280640113682.jpg,verkleind q58 784x1168
12042,1920px-the_tower_of_babel_(bruegel)9133914720752351591,https://de-ware-wereld.com/wp-content/uploads/2026/08/1920px-the_tower_of_babel_28bruegel299133914720752351591.jpg,692466,193539,12042-1920px-the_tower_of_babel_bruegel9133914720752351591.jpg,verkleind q74 1200x896
12458,Paleis voor Volksvlijt,https://de-ware-wereld.com/wp-content/uploads/2026/09/Paleis-voor-Volksvlijt.jpeg,1088012,188320,12458-paleis-voor-volksvlijt.jpg,verkleind q62 928x1152
12339,vlinders Hoofdstuk 29,https://de-ware-wereld.com/wp-content/uploads/2026/09/17890626223104974848633763939728.png,2025969,193627,12339-17890626223104974848633763939728.jpg,verkleind q66 1024x1024
12345,vlinders Hoofdstuk 30,https://de-ware-wereld.com/wp-content/uploads/2026/09/grok_17890631079068370269916408547571.jpg,233739,191035,12345-grok_17890631079068370269916408547571.jpg,verkleind q70 784x1168
12340,vlinders Hoofdstuk 31,https://de-ware-wereld.com/wp-content/uploads/2026/09/grok_17890630313117848379177255683694.jpg,232738,189475,12340-grok_17890630313117848379177255683694.jpg,verkleind q70 784x1168
12542,19 miljard voor defensie,https://de-ware-wereld.com/wp-content/uploads/2026/09/17904407587473936658592133669226.jpg,225158,193189,12542-17904407587473936658592133669226.jpg,verkleind q70 928x1152
12349,vlinders Hoofdstuk 32,https://de-ware-wereld.com/wp-content/uploads/2026/09/grok_17890631526859127887822123562887.jpg,183097,,,overgeslagen (al klein genoeg)
12112,post_3720,https://de-ware-wereld.com/wp-content/uploads/2026/08/post_3720.jpg,13457,,,overgeslagen (al klein genoeg)
12454,Het Oera Linda Boek,https://de-ware-wereld.com/wp-content/uploads/2026/09/Het-Oera-Linda-Boek.jpeg,1045359,185380,12454-het-oera-linda-boek.jpg,verkleind q66 928x1152
12114,post_3782,https://de-ware-wereld.com/wp-content/uploads/2026/08/post_3782.jpg,13273,,,overgeslagen (al klein genoeg)
12115,post_3787,https://de-ware-wereld.com/wp-content/uploads/2026/08/post_3787.jpg,12420,,,overgeslagen (al klein genoeg)
12613,Wat is stikstof nou eigenlijk,https://de-ware-wereld.com/wp-content/uploads/2026/10/17909408574432189022244043444917.jpg,304087,182316,12613-17909408574432189022244043444917.jpg,verkleind q58 928x1152
12541,"Stikstof, co2",https://de-ware-wereld.com/wp-content/uploads/2026/09/17904407935604556957058317285185.jpg,232803,192126,12541-17904407935604556957058317285185.jpg,verkleind q66 928x1152
8508,,,,,,fout: HTTP Error 401: Unauthorized
12540,Palestina. Israël,https://de-ware-wereld.com/wp-content/uploads/2026/09/17904408181964473606770013032342.jpg,234008,193142,12540-17904408181964473606770013032342.jpg,verkleind q66 928x1152
12455,Het vrouwtje van Stavoren,https://de-ware-wereld.com/wp-content/uploads/2026/09/Het-vrouwtje-van-Stavoren.jpeg,1029060,181863,12455-het-vrouwtje-van-stavoren.jpg,verkleind q66 928x1152
12463,Witte Wieven,https://de-ware-wereld.com/wp-content/uploads/2026/09/Witte-Wieven.jpeg,856729,179646,12463-witte-wieven.jpg,verkleind q82 928x1152
8505,,,,,,fout: HTTP Error 401: Unauthorized
12451,De Heksenwaag,https://de-ware-wereld.com/wp-content/uploads/2026/09/De-Heksenwaag.jpeg,1110915,189241,12451-de-heksenwaag.jpg,verkleind q58 928x1152
12543,Onderwijs,https://de-ware-wereld.com/wp-content/uploads/2026/09/17904408463354171823734409493492.jpg,243499,190284,12543-17904408463354171823734409493492.jpg,verkleind q62 928x1152
12464,Kwam Abraham uit Friesland,https://de-ware-wereld.com/wp-content/uploads/2026/09/Kwam-Abraham-uit-Friesland.jpeg,1118868,190575,12464-kwam-abraham-uit-friesland.jpg,verkleind q58 928x1152
12544,Belasting hoog laag,https://de-ware-wereld.com/wp-content/uploads/2026/09/17904408768574017361003000815139.jpg,241652,188776,12544-17904408768574017361003000815139.jpg,verkleind q62 928x1152
8502,,,,,,fout: HTTP Error 401: Unauthorized
12497,Liggen de plaatsen uit de Bijbel in Nederland,https://de-ware-wereld.com/wp-content/uploads/2026/09/Liggen-de-plaatsen-uit-de-Bijbel-in-Nederland.jpeg,769696,135816,12497-liggen-de-plaatsen-uit-de-bijbel-in-nederland.jpg,verkleind q82 928x1152
12545,Tien thema s,https://de-ware-wereld.com/wp-content/uploads/2026/09/17904409063111082662901774931320.jpg,248394,193962,12545-17904409063111082662901774931320.jpg,verkleind q62 928x1152
12496,Kerken en terpen die samen een sterrenbeeld vormen,https://de-ware-wereld.com/wp-content/uploads/2026/09/Kerken-en-terpen-die-samen-een-sterrenbeeld-vormen.jpeg,758183,119874,12496-kerken-en-terpen-die-samen-een-sterrenbeeld-vormen.jpg,verkleind q82 928x1152
